source_key,content_type,category_slug,difficulty,target_text,target_text_toned,english_translation,literal_translation,cultural_note,example_sentence,example_translation
ibo:phrase:ndewo,phrase,greetings,beginner,"Ndewo",,"Hello",,,,
ibo:phrase:nnoo,phrase,greetings,beginner,"Nnọọ",,"Welcome",,,,
ibo:phrase:ututu-oma,phrase,greetings,beginner,"Ụtụtụ ọma",,"Good morning","Morning good",,,
ibo:phrase:ehihie-oma,phrase,greetings,beginner,"Ehihie ọma",,"Good afternoon","Afternoon good",,,
ibo:phrase:mgbede-oma,phrase,greetings,beginner,"Mgbede ọma",,"Good evening","Evening good",,,
ibo:phrase:ka-chi-fo,phrase,greetings,beginner,"Ka chi fo",,"Good night","May the day break",,,
ibo:phrase:ka-o-di,phrase,greetings,beginner,"Ka ọ dị",,"Goodbye","Let it be",,,
ibo:phrase:ka-anyi-hu-echi,phrase,greetings,beginner,"Ka anyị hụ echi",,"See you tomorrow","Let us see tomorrow",,,
ibo:phrase:biko,phrase,greetings,beginner,"Biko",,"Please",,,,
ibo:phrase:daalu,phrase,greetings,beginner,"Daalụ",,"Thank you",,,,
ibo:phrase:daalu-nke-ukwuu,phrase,greetings,beginner,"Daalụ nke ukwuu",,"Thank you very much","Thank you greatly",,,
ibo:phrase:ndo,phrase,greetings,beginner,"Ndo",,"Sorry",,,,
ibo:phrase:kedu-ka-i-mere,phrase,conversation,beginner,"Kedu ka ị mere",,"How are you","How have you done",,,
ibo:phrase:a-di-m-mma,phrase,conversation,beginner,"A dị m mma",,"I am fine","It is well with me",,,
ibo:phrase:kedu-aha-gi,phrase,conversation,beginner,"Kedu aha gị",,"What is your name","What name yours",,,
ibo:phrase:aha-m-bu,phrase,conversation,beginner,"Aha m bụ",,"My name is","Name my is",,,
ibo:phrase:ebee-ka-i-si,phrase,conversation,beginner,"Ebee ka ị si",,"Where are you from","Where is it you come from",,,
ibo:phrase:e-si-m,phrase,conversation,beginner,"E si m",,"I am from","Come I from",,,
ibo:phrase:gini-bu-nke-a,phrase,conversation,beginner,"Gịnị bụ nke a",,"What is this","What is this one",,,
ibo:phrase:nsogbu-adighi,phrase,conversation,beginner,"Nsogbu adịghị",,"No problem","Trouble is not",,,
ibo:phrase:o-di-mma,phrase,conversation,beginner,"Ọ dị mma",,"It is okay, it is good","It is good",,,
ibo:phrase:ebee-ka-i-na-aga,phrase,conversation,intermediate,"Ebee ka ị na-aga",,"Where are you going","Where is it you are going",,,
ibo:phrase:kedu-oge-o-bu,phrase,conversation,intermediate,"Kedu oge ọ bụ",,"What time is it","What time is it",,,
ibo:phrase:echegbula-onwe-gi,phrase,conversation,intermediate,"Echegbula onwe gị",,"Do not worry","Do not kill yourself with thought",,,
ibo:phrase:gini-ka-nke-a-putara,phrase,help_language,intermediate,"Gịnị ka nke a pụtara",,"What does this mean","What does this one come out as",,,
ibo:phrase:biko-nyere-m-aka,phrase,help_language,beginner,"Biko nyere m aka",,"Please help me","Please give me hand",,,
ibo:phrase:aghotaghi-m,phrase,help_language,beginner,"Aghọtaghị m",,"I do not understand","Understand not I",,,
ibo:phrase:biko-kwuo-ya-ozo,phrase,help_language,beginner,"Biko kwuo ya ọzọ",,"Please say it again","Please say it again",,,
ibo:phrase:biko-jiri-nwayo-kwuo-okwu,phrase,help_language,intermediate,"Biko jiri nwayọ kwuo okwu",,"Please speak slowly","Please use gentleness to speak words",,,
ibo:phrase:i-na-asu-bekee,phrase,help_language,intermediate,"Ị na-asụ Bekee",,"Do you speak English","You are speaking English",,,
ibo:phrase:ana-m-asu-igbo-ntakiri,phrase,help_language,intermediate,"Ana m asụ Igbo ntakịrị",,"I speak a little Igbo","Speak I Igbo small",,,
ibo:phrase:ebee-ka-ulo-mposi-di,phrase,places_travel,intermediate,"Ebee ka ụlọ mposi dị",,"Where is the toilet","Where is it the toilet house is",,,
ibo:phrase:ego-ole-ka-o-bu,phrase,shopping_money,beginner,"Ego ole ka ọ bụ",,"How much is it","Money how much is it",,,
ibo:phrase:o-di-oke-onu,phrase,shopping_money,intermediate,"Ọ dị oke ọnụ",,"It is too expensive","It is excessively costly",,,
ibo:phrase:achoro-m-nke-a,phrase,shopping_money,beginner,"Achọrọ m nke a",,"I want this","Want I this one",,,
ibo:phrase:achoghi-m-ya,phrase,shopping_money,beginner,"Achọghị m ya",,"I do not want it","Want not I it",,,
ibo:phrase:aguu-na-agu-m,phrase,food_market,intermediate,"Agụụ na-agụ m",,"I am hungry","Hunger is hungering me",,,
ibo:phrase:akpiri-na-akpo-m-nku,phrase,food_market,intermediate,"Akpịrị na-akpọ m nkụ",,"I am thirsty","Throat is calling me dry",,,
ibo:phrase:ka-anyi-gaa,phrase,everyday_verbs,beginner,"Ka anyị gaa",,"Let us go","Let us go",,,
ibo:phrase:bia-ebe-a,phrase,everyday_verbs,beginner,"Bịa ebe a",,"Come here","Come place this",,,
ibo:phrase:chere-obere,phrase,everyday_verbs,beginner,"Chere obere",,"Wait a moment","Wait small",,,
ibo:phrase:nodu-ala,phrase,everyday_verbs,beginner,"Nọdụ ala",,"Sit down","Stay ground",,,
ibo:phrase:bilie,phrase,everyday_verbs,beginner,"Bilie",,"Stand up","Rise",,,
ibo:phrase:mepee-uzo,phrase,everyday_verbs,beginner,"Mepee ụzọ",,"Open the door","Open door",,,
ibo:phrase:mechie-uzo,phrase,everyday_verbs,beginner,"Mechie ụzọ",,"Close the door","Close door",,,
ibo:phrase:gee-nti,phrase,everyday_verbs,beginner,"Gee ntị",,"Listen","Give ear",,,
ibo:phrase:kpachara-anya,phrase,everyday_verbs,intermediate,"Kpachara anya",,"Be careful","Clear the eye",,,
ibo:phrase:obi-di-m-uto-ihu-gi,phrase,feelings,intermediate,"Obi dị m ụtọ ịhụ gị",,"I am happy to see you","Heart is sweet to me to see you",,,
ibo:phrase:a-huru-m-gi-n-anya,phrase,feelings,beginner,"A hụrụ m gị n'anya",,"I love you","See I you in eye",,,
ibo:phrase:a-na-m-atu-uche-gi,phrase,feelings,intermediate,"A na m atụ uche gị",,"I miss you","Am I casting thought of you",,,
