source_key,content_type,category_slug,difficulty,target_text,target_text_toned
ibo:proverb:egbe-bere-ugo-bere,proverb,proverbs_unity,advanced,Egbe bere ugo bere nke si ibe ya ebela nku kwaa ya,
ibo:proverb:onye-kwe-chi-ya-ekwe,proverb,proverbs_destiny,advanced,Onye kwe chi ya ekwe,
ibo:proverb:igwe-bu-ike,proverb,proverbs_unity,advanced,Igwe bụ ike,
ibo:proverb:otu-osisi-anaghi-eme-ohia,proverb,proverbs_unity,advanced,Otu osisi anaghị eme ọhịa,
ibo:proverb:otu-aka-anaghi-ebu-ngwugwu,proverb,proverbs_unity,advanced,Otu aka anaghị ebu ngwugwu,
ibo:proverb:onye-nwere-madu-ka-onye-nwere-ego,proverb,proverbs_unity,advanced,Onye nwere mmadụ ka onye nwere ego,
ibo:proverb:nwanne-di-na-mba,proverb,proverbs_unity,advanced,Nwanne dị na mba,
ibo:proverb:agwo-no-n-akirika,proverb,proverbs_unity,advanced,Agwọ nọ n'akịrịka bụ akịrịka chebere ya,
ibo:proverb:a-na-amata-dike-n-agha,proverb,proverbs_character,advanced,A na-amata dike n'agha,
ibo:proverb:ihe-onye-metara-o-buru,proverb,proverbs_character,advanced,Ihe onye metara ọ buru,
ibo:proverb:onye-ajuru-anaghi-aju-onwe-ya,proverb,proverbs_character,advanced,Onye ajụrụ anaghị ajụ onwe ya,
ibo:proverb:anu-gbaa-ajo-oso,proverb,proverbs_character,native,Anụ gbaa ajọ ọsọ a gbaa ya ajọ egbe,
ibo:proverb:ebe-onye-dara,proverb,proverbs_character,native,Ebe onye dara ka ọ na-ele ọ bụghị ebe ọ sụrụ ngọngọ,
ibo:proverb:a-naghi-ano-otu-ebe-ekiri-mmanwu,proverb,proverbs_character,advanced,A naghị anọ otu ebe ekiri mmanwụ,
ibo:proverb:mmanwu-anaghi-ama-onye-nwe-ya,proverb,proverbs_character,advanced,Mmanwụ anaghị ama onye nwe ya,
ibo:proverb:ezi-aha-ka-ego,proverb,proverbs_character,advanced,Ezi aha ka ego,
ibo:proverb:aha-oma-ka-aku,proverb,proverbs_character,advanced,Aha ọma ka akụ,
ibo:proverb:o-bu-onye-kporo-nku,proverb,proverbs_character,native,Ọ bụ onye kpọrọ nkụ ka mmiri na-agụ,
ibo:proverb:afo-anaghi-anu-okwu,proverb,proverbs_character,advanced,Afọ anaghị anụ okwu,
ibo:proverb:aguu-adighi-ama-onye-eze,proverb,proverbs_character,advanced,Agụụ adịghị ama onye eze,
ibo:proverb:a-na-amuta-amuta,proverb,proverbs_character,advanced,A na-amụta amụta amaghị amaghị,
ibo:proverb:aka-aja-aja,proverb,proverbs_work,advanced,Aka aja aja na-ebute ọnụ mmanụ mmanụ,
ibo:proverb:nkita-nwere-ndidi,proverb,proverbs_work,advanced,Nkịta nwere ndidi na-eri ọkpụkpụ buru ibu,
ibo:proverb:ihe-di-mma-na-ewe-oge,proverb,proverbs_work,advanced,Ihe dị mma na-ewe oge,
ibo:proverb:e-jiri-ututu-mara-ubochi-oma,proverb,proverbs_work,advanced,E jiri ụtụtụ mara ụbọchị ọma,
ibo:proverb:ututu-tutu,proverb,proverbs_work,advanced,Ụtụtụ tutụ bụ anya ji ahụ ụzọ,
ibo:proverb:a-naghi-eji-oso-agbata-ije-oma,proverb,proverbs_work,advanced,A naghị eji ọsọ agbata ije ọma,
ibo:proverb:ngana-kpuchie-ute,proverb,proverbs_work,native,Ngana kpuchie ute agụụ ekpughee ya,
ibo:proverb:onye-ura-na-ato,proverb,proverbs_work,advanced,Onye ụra na-atọ ụgwọ ji ya,
ibo:proverb:onye-ruo-o-rie,proverb,proverbs_work,advanced,Onye rụọ o rie,
ibo:proverb:onye-anaghi-aru-oru,proverb,proverbs_work,advanced,Onye anaghị arụ ọrụ ya atụla anya iri,
ibo:proverb:onye-buru-chi-ya-uzo,proverb,proverbs_destiny,native,Onye buru chi ya ụzọ ọ gbagbuo onwe ya n'ọsọ,
ibo:proverb:onye-na-amaghi-ebe-mmiri-bidoro,proverb,proverbs_destiny,native,Onye na-amaghị ebe mmiri bidoro mawa ya agaghị ama ebe ọ kwụsịrị,
ibo:proverb:okuko-ruo-n-ulo-madu,proverb,proverbs_hospitality,advanced,Ọkụkọ ruo n'ụlọ mmadụ ọ mara ebe ọ ga-anọ,
ibo:proverb:okuko-anaghi-echefu,proverb,proverbs_hospitality,advanced,Ọkụkọ anaghị echefu onye fụrụ ya ọdụ n'ụbọchị mmiri,
ibo:proverb:a-naghi-agba-aka-ahu-nne-madu,proverb,proverbs_hospitality,advanced,A naghị agba aka ahụ nne mmadụ,
ibo:proverb:onye-wetara-oji,proverb,proverbs_hospitality,advanced,Onye wetara oji wetara ndụ,
ibo:proverb:oji-anaghi-aghota-bekee,proverb,proverbs_hospitality,advanced,Oji anaghị aghọta Bekee,
ibo:proverb:onu-kwuru-njo,proverb,proverbs_speech,advanced,Ọnụ kwuru njọ ga-ekwu mma,
ibo:proverb:onu-anaghi-agba-oso,proverb,proverbs_speech,advanced,Ọnụ anaghị agba ọsọ karịa onye nwe ya,
ibo:proverb:ire-di-nro,proverb,proverbs_speech,advanced,Ire dị nro na-agbaji ọkpụkpụ,
ibo:proverb:eziokwu-bu-ndu,proverb,proverbs_speech,advanced,Eziokwu bụ ndụ,
ibo:proverb:ugha-nwere-obere-ukwu,proverb,proverbs_speech,advanced,Ụgha nwere obere ụkwụ,
ibo:proverb:ihe-e-dere-ede,proverb,proverbs_speech,advanced,Ihe e dere ede anaghị efu,
ibo:proverb:nwata-kwoo-aka,proverb,proverbs_family,advanced,Nwata kwọọ aka ọ soro okenye rie nri,
ibo:proverb:a-na-esi-n-ulo-mara-mma,proverb,proverbs_family,advanced,A na-esi n'ụlọ mara mma pụta ama,
ibo:proverb:nne-bu-nne,proverb,proverbs_family,advanced,Nne bụ nne ma nwa bụrụ ajọ nwa,
ibo:proverb:nwaanyi-bu-ulo,proverb,proverbs_family,advanced,Nwaanyị bụ ụlọ,
ibo:proverb:nwa-bu-nke-oha,proverb,proverbs_family,advanced,Nwa bụ nke ọha,
ibo:proverb:ihe-okenye-huru,proverb,proverbs_family,native,Ihe okenye hụrụ n'ala nwata agaghị ahụ ya n'elu osisi,
