source_key,content_type,category_slug,difficulty,target_text,target_text_toned,example_sentence,example_translation
ibo:word:ndewo,word,greetings,beginner,Ndewo,
ibo:word:daalu,word,greetings,beginner,Daalụ,
ibo:word:biko,word,greetings,beginner,Biko,
ibo:word:ee,word,greetings,beginner,Ee,
ibo:word:mba,word,greetings,beginner,Mba,
ibo:word:ndo,word,greetings,beginner,Ndo,
ibo:word:kedu,word,greetings,beginner,Kedu,
ibo:word:ka-o-di,word,greetings,beginner,Ka ọ dị,
ibo:word:ekele,word,greetings,beginner,Ekele,
ibo:word:ututu,word,time_days,beginner,Ụtụtụ,
ibo:word:abali,word,time_days,beginner,Abalị,
ibo:word:oge,word,time_days,beginner,Oge,
ibo:word:ubochi,word,time_days,beginner,Ụbọchị,
ibo:word:taa,word,time_days,beginner,Taa,
ibo:word:echi,word,time_days,beginner,Echi,
ibo:word:unyaahu,word,time_days,beginner,Ụnyaahụ,
ibo:word:mmiri,word,food_market,beginner,Mmiri,
ibo:word:nri,word,food_market,beginner,Nri,
ibo:word:azu,word,food_market,beginner,Azụ,
ibo:word:ulo,word,places_travel,beginner,Ụlọ,
ibo:word:uzo,word,places_travel,beginner,Ụzọ,
ibo:word:ahia,word,places_travel,beginner,Ahịa,
ibo:word:ulo-akwukwo,word,places_travel,beginner,Ụlọ akwụkwọ,
ibo:word:akwukwo,word,daily_life,beginner,Akwụkwọ,
ibo:word:aha,word,daily_life,beginner,Aha,
ibo:word:okwu,word,daily_life,beginner,Okwu,
ibo:word:asusu,word,daily_life,beginner,Asụsụ,
ibo:word:oru,word,daily_life,beginner,Ọrụ,
ibo:word:ukwu-great,word,daily_life,beginner,Ukwu,
ibo:word:ego,word,shopping_money,beginner,Ego,
ibo:word:onye,word,question_words,beginner,Onye,
ibo:word:ebe,word,question_words,beginner,Ebe,
ibo:word:gini,word,question_words,beginner,Gịnị,
ibo:word:nwoke,word,family_people,beginner,Nwoke,
ibo:word:nwanyi,word,family_people,beginner,Nwanyị,
ibo:word:nwa,word,family_people,beginner,Nwa,
ibo:word:nne,word,family_people,beginner,Nne,
ibo:word:nna,word,family_people,beginner,Nna,
ibo:word:enyi,word,family_people,beginner,Enyi,
ibo:word:ezinulo,word,family_people,beginner,Ezinụlọ,
ibo:word:isi,word,body,beginner,Isi,
ibo:word:anya,word,body,beginner,Anya,
ibo:word:onu,word,body,beginner,Ọnụ,
ibo:word:aka,word,body,beginner,Aka,
ibo:word:ukwu-leg,word,body,beginner,Ụkwụ,
ibo:word:obi,word,body,beginner,Obi,
ibo:word:bia,word,everyday_verbs,beginner,Bịa,
ibo:word:gaa,word,everyday_verbs,beginner,Gaa,
ibo:word:rie,word,everyday_verbs,beginner,Rie,
ibo:word:otu,word,numbers,beginner,Otu,
ibo:word:abuo,word,numbers,beginner,Abụọ,
ibo:word:ato,word,numbers,beginner,Atọ,
ibo:word:ano,word,numbers,beginner,Anọ,
ibo:word:ise,word,numbers,beginner,Ise,
ibo:word:isii,word,numbers,beginner,Isii,
ibo:word:asaa,word,numbers,beginner,Asaa,
ibo:word:asato,word,numbers,beginner,Asatọ,
ibo:word:itolu,word,numbers,beginner,Itolu,
ibo:word:iri,word,numbers,beginner,Iri,
ibo:word:number-11,word,numbers,intermediate,Iri na otu,
ibo:word:number-12,word,numbers,intermediate,Iri na abụọ,
ibo:word:number-13,word,numbers,intermediate,Iri na atọ,
ibo:word:number-14,word,numbers,intermediate,Iri na anọ,
ibo:word:number-15,word,numbers,intermediate,Iri na ise,
ibo:word:number-16,word,numbers,intermediate,Iri na isii,
ibo:word:number-17,word,numbers,intermediate,Iri na asaa,
ibo:word:number-18,word,numbers,intermediate,Iri na asatọ,
ibo:word:number-19,word,numbers,intermediate,Iri na itolu,
ibo:word:number-20,word,numbers,intermediate,Iri abụọ,
ibo:word:agu,word,animals,beginner,Agụ,
ibo:word:ewu,word,animals,beginner,Ewu,
ibo:word:nwamba,word,animals,beginner,Nwamba,
ibo:word:ngwere,word,animals,beginner,Ngwere,
ibo:word:inyinya,word,animals,beginner,Inyinya,
ibo:word:oke,word,animals,beginner,Oke,
ibo:word:ugo,word,animals,beginner,Ugo,
ibo:word:agu-iyi,word,animals,beginner,Agụ iyi,
ibo:word:uloogwu,word,health,beginner,Ụlọọgwụ,
ibo:word:ogwu,word,health,beginner,Ọgwụ,
ibo:word:alphabet-a,word,alphabet,beginner,a,,Aka,hand
ibo:word:alphabet-b,word,alphabet,beginner,b,,Bịa,come
ibo:word:alphabet-ch,word,alphabet,beginner,ch,,Chi,God
ibo:word:alphabet-d,word,alphabet,beginner,d,,Dee,write
ibo:word:alphabet-e,word,alphabet,beginner,e,,Ewu,goat
ibo:word:alphabet-f,word,alphabet,beginner,f,,,
ibo:word:alphabet-g,word,alphabet,beginner,g,,Gaa,go
ibo:word:alphabet-gb,word,alphabet,beginner,gb,,Gbur gburugburu,round
ibo:word:alphabet-gh,word,alphabet,beginner,gh,,Agha,war
ibo:word:alphabet-gw,word,alphabet,beginner,gw,,Gwa,told
ibo:word:alphabet-h,word,alphabet,beginner,h,,Hapụ,leave / let go
ibo:word:alphabet-i,word,alphabet,beginner,i,,Isi,head
ibo:word:alphabet-ii-dot,word,alphabet,beginner,ị,,Ịsị,smell
ibo:word:alphabet-j,word,alphabet,beginner,j,,Juo,ask
ibo:word:alphabet-k,word,alphabet,beginner,k,,Kele,greet
ibo:word:alphabet-kp,word,alphabet,beginner,kp,,Kpọọ,call
ibo:word:alphabet-kw,word,alphabet,beginner,kw,,Kwere,agree
ibo:word:alphabet-l,word,alphabet,beginner,l,,,
ibo:word:alphabet-m,word,alphabet,beginner,m,,Mmiri,water
ibo:word:alphabet-n,word,alphabet,beginner,n,,Nne,mother
ibo:word:alphabet-n-dot,word,alphabet,beginner,ṅ,,Aṅụrị,joy
ibo:word:alphabet-nw,word,alphabet,beginner,nw,,Nwa,child
ibo:word:alphabet-ny,word,alphabet,beginner,ny,,Nye,give
ibo:word:alphabet-o,word,alphabet,beginner,o,,Onye,person
ibo:word:alphabet-oo-dot,word,alphabet,beginner,ọ,,Ọcha,white
ibo:word:alphabet-p,word,alphabet,beginner,p,,Puku,thousand
ibo:word:alphabet-r,word,alphabet,beginner,r,,Rie,eat
ibo:word:alphabet-s,word,alphabet,beginner,s,,Süö,speak
ibo:word:alphabet-sh,word,alphabet,beginner,sh,,,
ibo:word:alphabet-t,word,alphabet,beginner,t,,Taa,today
ibo:word:alphabet-u,word,alphabet,beginner,u,,Uwe,cloth
ibo:word:alphabet-uu-dot,word,alphabet,beginner,ụ,,Ụlọ,house
ibo:word:alphabet-v,word,alphabet,beginner,v,,,
ibo:word:alphabet-w,word,alphabet,beginner,w,,Weta,bring
ibo:word:alphabet-y,word,alphabet,beginner,y,,,
ibo:word:alphabet-z,word,alphabet,beginner,z,,Zụọ,buy
ibo:word:chi,word,everyday_verbs,beginner,Chi,
ibo:word:dee,word,everyday_verbs,beginner,Dee,
ibo:word:gwa,word,everyday_verbs,beginner,Gwa,
ibo:word:gwoo,word,health,beginner,Gwoo,
ibo:word:juo,word,everyday_verbs,beginner,Juo,
ibo:word:kele,word,greetings,beginner,Kele,
ibo:word:kwere,word,everyday_verbs,beginner,Kwere,
ibo:word:nye,word,everyday_verbs,beginner,Nye,
ibo:word:gbur-round,word,daily_life,beginner,Gbur gburugburu,
ibo:word:agha,word,daily_life,beginner,Agha,
ibo:word:hapu,word,everyday_verbs,beginner,Hapụ,
ibo:word:isi-smell,word,health,beginner,Ịsị,
ibo:word:kpoo,word,everyday_verbs,beginner,Kpọọ,
ibo:word:anuri,word,feelings,beginner,Aṅụrị,
ibo:word:uwe,word,daily_life,beginner,Uwe,
ibo:word:zuo,word,shopping_money,beginner,Zụọ,
ibo:word:ocha,word,daily_life,beginner,Ọcha,
ibo:word:weta,word,everyday_verbs,beginner,Weta,
ibo:word:puku,word,numbers,beginner,Puku,
ibo:word:suo,word,everyday_verbs,beginner,Süö,
